journal,year,volume,issue,DOI,SI,event,date
Curr. Oncol.,2016,23,1,https://doi.org/10.3747/co.23.2839,Normal Issue,"
Received",2015-11-04
Curr. Oncol.,2016,23,1,https://doi.org/10.3747/co.23.2839,Normal Issue, Revised,2015-12-02
Curr. Oncol.,2016,23,1,https://doi.org/10.3747/co.23.2839,Normal Issue, Accepted,2016-01-06
Curr. Oncol.,2016,23,1,https://doi.org/10.3747/co.23.2839,Normal Issue, Published,2016-02-01
Curr. Oncol.,2016,23,1,https://doi.org/10.3747/co.23.2842,Normal Issue,"
Received",2015-11-05
Curr. Oncol.,2016,23,1,https://doi.org/10.3747/co.23.2842,Normal Issue, Revised,2015-12-04
Curr. Oncol.,2016,23,1,https://doi.org/10.3747/co.23.2842,Normal Issue, Accepted,2016-01-07
Curr. Oncol.,2016,23,1,https://doi.org/10.3747/co.23.2842,Normal Issue, Published,2016-02-01
Curr. Oncol.,2016,23,1,https://doi.org/10.3747/co.23.3066,Normal Issue,"
Received",2015-11-03
Curr. Oncol.,2016,23,1,https://doi.org/10.3747/co.23.3066,Normal Issue, Revised,2015-12-01
Curr. Oncol.,2016,23,1,https://doi.org/10.3747/co.23.3066,Normal Issue, Accepted,2016-01-05
Curr. Oncol.,2016,23,1,https://doi.org/10.3747/co.23.3066,Normal Issue, Published,2016-02-01
Curr. Oncol.,2016,23,1,https://doi.org/10.3747/co.23.2669,Normal Issue,"
Received",2015-11-09
Curr. Oncol.,2016,23,1,https://doi.org/10.3747/co.23.2669,Normal Issue, Revised,2015-12-07
Curr. Oncol.,2016,23,1,https://doi.org/10.3747/co.23.2669,Normal Issue, Accepted,2016-01-04
Curr. Oncol.,2016,23,1,https://doi.org/10.3747/co.23.2669,Normal Issue, Published,2016-02-01
Curr. Oncol.,2016,23,1,https://doi.org/10.3747/co.23.2835,Normal Issue,"
Received",2015-11-04
Curr. Oncol.,2016,23,1,https://doi.org/10.3747/co.23.2835,Normal Issue, Revised,2015-12-05
Curr. Oncol.,2016,23,1,https://doi.org/10.3747/co.23.2835,Normal Issue, Accepted,2016-01-03
Curr. Oncol.,2016,23,1,https://doi.org/10.3747/co.23.2835,Normal Issue, Published,2016-02-01
Curr. Oncol.,2016,23,1,https://doi.org/10.3747/co.23.2793,Normal Issue,"
Received",2015-11-03
Curr. Oncol.,2016,23,1,https://doi.org/10.3747/co.23.2793,Normal Issue, Revised,2015-12-04
Curr. Oncol.,2016,23,1,https://doi.org/10.3747/co.23.2793,Normal Issue, Accepted,2016-01-06
Curr. Oncol.,2016,23,1,https://doi.org/10.3747/co.23.2793,Normal Issue, Published,2016-02-01
Curr. Oncol.,2017,24,1,https://doi.org/10.3747/co.24.3296,Normal Issue,"
Received",2016-11-08
Curr. Oncol.,2017,24,1,https://doi.org/10.3747/co.24.3296,Normal Issue, Revised,2016-12-09
Curr. Oncol.,2017,24,1,https://doi.org/10.3747/co.24.3296,Normal Issue, Accepted,2017-01-10
Curr. Oncol.,2017,24,1,https://doi.org/10.3747/co.24.3296,Normal Issue, Published,2017-02-01
Curr. Oncol.,2017,24,1,https://doi.org/10.3747/co.24.3369,Normal Issue,"
Received",2016-11-03
Curr. Oncol.,2017,24,1,https://doi.org/10.3747/co.24.3369,Normal Issue, Revised,2016-12-04
Curr. Oncol.,2017,24,1,https://doi.org/10.3747/co.24.3369,Normal Issue, Accepted,2017-01-05
Curr. Oncol.,2017,24,1,https://doi.org/10.3747/co.24.3369,Normal Issue, Published,2017-02-01
Curr. Oncol.,2017,24,1,https://doi.org/10.3747/co.24.3642,Normal Issue,"
Received",2016-11-03
Curr. Oncol.,2017,24,1,https://doi.org/10.3747/co.24.3642,Normal Issue, Revised,2016-12-15
Curr. Oncol.,2017,24,1,https://doi.org/10.3747/co.24.3642,Normal Issue, Accepted,2017-01-10
Curr. Oncol.,2017,24,1,https://doi.org/10.3747/co.24.3642,Normal Issue, Published,2017-02-01
Curr. Oncol.,2017,24,1,https://doi.org/10.3747/co.24.3545,Normal Issue,"
Received",2016-11-08
Curr. Oncol.,2017,24,1,https://doi.org/10.3747/co.24.3545,Normal Issue, Revised,2016-12-05
Curr. Oncol.,2017,24,1,https://doi.org/10.3747/co.24.3545,Normal Issue, Accepted,2017-01-03
Curr. Oncol.,2017,24,1,https://doi.org/10.3747/co.24.3545,Normal Issue, Published,2017-02-01
Curr. Oncol.,2017,24,1,https://doi.org/10.3747/co.24.3419,Normal Issue,"
Received",2016-11-09
Curr. Oncol.,2017,24,1,https://doi.org/10.3747/co.24.3419,Normal Issue, Revised,2016-12-05
Curr. Oncol.,2017,24,1,https://doi.org/10.3747/co.24.3419,Normal Issue, Accepted,2017-01-02
Curr. Oncol.,2017,24,1,https://doi.org/10.3747/co.24.3419,Normal Issue, Published,2017-02-01
Curr. Oncol.,2017,24,1,https://doi.org/10.3747/co.24.3410,Normal Issue,"
Received",2016-11-02
Curr. Oncol.,2017,24,1,https://doi.org/10.3747/co.24.3410,Normal Issue, Revised,2016-12-05
Curr. Oncol.,2017,24,1,https://doi.org/10.3747/co.24.3410,Normal Issue, Accepted,2017-01-04
Curr. Oncol.,2017,24,1,https://doi.org/10.3747/co.24.3410,Normal Issue, Published,2017-02-01
Curr. Oncol.,2017,24,1,https://doi.org/10.3747/co.24.3266,Normal Issue,"
Received",2016-11-10
Curr. Oncol.,2017,24,1,https://doi.org/10.3747/co.24.3266,Normal Issue, Revised,2016-12-11
Curr. Oncol.,2017,24,1,https://doi.org/10.3747/co.24.3266,Normal Issue, Accepted,2017-01-15
Curr. Oncol.,2017,24,1,https://doi.org/10.3747/co.24.3266,Normal Issue, Published,2017-02-01
Curr. Oncol.,2018,25,1,https://doi.org/10.3747/co.25.3969,Normal Issue,"
Received",2017-11-03
Curr. Oncol.,2018,25,1,https://doi.org/10.3747/co.25.3969,Normal Issue, Revised,2017-12-04
Curr. Oncol.,2018,25,1,https://doi.org/10.3747/co.25.3969,Normal Issue, Accepted,2018-01-08
Curr. Oncol.,2018,25,1,https://doi.org/10.3747/co.25.3969,Normal Issue, Published,2018-02-01
Curr. Oncol.,2018,25,1,https://doi.org/10.3747/co.25.3827,Normal Issue,"
Received",2017-11-09
Curr. Oncol.,2018,25,1,https://doi.org/10.3747/co.25.3827,Normal Issue, Revised,2017-12-14
Curr. Oncol.,2018,25,1,https://doi.org/10.3747/co.25.3827,Normal Issue, Accepted,2018-01-11
Curr. Oncol.,2018,25,1,https://doi.org/10.3747/co.25.3827,Normal Issue, Published,2018-02-01
Curr. Oncol.,2018,25,1,https://doi.org/10.3747/co.25.3851,Normal Issue,"
Received",2017-11-09
Curr. Oncol.,2018,25,1,https://doi.org/10.3747/co.25.3851,Normal Issue, Revised,2017-12-08
Curr. Oncol.,2018,25,1,https://doi.org/10.3747/co.25.3851,Normal Issue, Accepted,2018-01-09
Curr. Oncol.,2018,25,1,https://doi.org/10.3747/co.25.3851,Normal Issue, Published,2018-02-01
Curr. Oncol.,2018,25,1,https://doi.org/10.3747/co.25.3845,Normal Issue,"
Received",2017-11-08
Curr. Oncol.,2018,25,1,https://doi.org/10.3747/co.25.3845,Normal Issue, Revised,2017-12-07
Curr. Oncol.,2018,25,1,https://doi.org/10.3747/co.25.3845,Normal Issue, Accepted,2018-01-09
Curr. Oncol.,2018,25,1,https://doi.org/10.3747/co.25.3845,Normal Issue, Published,2018-02-01
Curr. Oncol.,2018,25,1,https://doi.org/10.3747/co.25.3916,Normal Issue,"
Received",2017-11-01
Curr. Oncol.,2018,25,1,https://doi.org/10.3747/co.25.3916,Normal Issue, Revised,2017-12-01
Curr. Oncol.,2018,25,1,https://doi.org/10.3747/co.25.3916,Normal Issue, Accepted,2018-01-01
Curr. Oncol.,2018,25,1,https://doi.org/10.3747/co.25.3916,Normal Issue, Published,2018-02-01
Curr. Oncol.,2018,25,1,https://doi.org/10.3747/co.25.4079,Normal Issue,"
Received",2017-11-07
Curr. Oncol.,2018,25,1,https://doi.org/10.3747/co.25.4079,Normal Issue, Revised,2017-12-12
Curr. Oncol.,2018,25,1,https://doi.org/10.3747/co.25.4079,Normal Issue, Accepted,2018-01-15
Curr. Oncol.,2018,25,1,https://doi.org/10.3747/co.25.4079,Normal Issue, Published,2018-02-01
Curr. Oncol.,2018,25,1,https://doi.org/10.3747/co.25.3657,Normal Issue,"
Received",2017-11-07
Curr. Oncol.,2018,25,1,https://doi.org/10.3747/co.25.3657,Normal Issue, Revised,2017-12-05
Curr. Oncol.,2018,25,1,https://doi.org/10.3747/co.25.3657,Normal Issue, Accepted,2018-01-08
Curr. Oncol.,2018,25,1,https://doi.org/10.3747/co.25.3657,Normal Issue, Published,2018-02-01
Curr. Oncol.,2018,25,1,https://doi.org/10.3747/co.25.3915,Normal Issue,"
Received",2017-11-01
Curr. Oncol.,2018,25,1,https://doi.org/10.3747/co.25.3915,Normal Issue, Revised,2017-12-01
Curr. Oncol.,2018,25,1,https://doi.org/10.3747/co.25.3915,Normal Issue, Accepted,2018-01-01
Curr. Oncol.,2018,25,1,https://doi.org/10.3747/co.25.3915,Normal Issue, Published,2018-02-01
Curr. Oncol.,2019,26,1,https://doi.org/10.3747/co.26.4385,Normal Issue,"
Received",2018-11-03
Curr. Oncol.,2019,26,1,https://doi.org/10.3747/co.26.4385,Normal Issue, Revised,2018-12-06
Curr. Oncol.,2019,26,1,https://doi.org/10.3747/co.26.4385,Normal Issue, Accepted,2019-01-12
Curr. Oncol.,2019,26,1,https://doi.org/10.3747/co.26.4385,Normal Issue, Published,2019-02-01
Curr. Oncol.,2019,26,1,https://doi.org/10.3747/co.26.4593,Normal Issue,"
Received",2018-11-03
Curr. Oncol.,2019,26,1,https://doi.org/10.3747/co.26.4593,Normal Issue, Revised,2018-12-08
Curr. Oncol.,2019,26,1,https://doi.org/10.3747/co.26.4593,Normal Issue, Accepted,2019-01-12
Curr. Oncol.,2019,26,1,https://doi.org/10.3747/co.26.4593,Normal Issue, Published,2019-02-01
Curr. Oncol.,2019,26,1,https://doi.org/10.3747/co.26.4341,Normal Issue,"
Received",2018-11-03
Curr. Oncol.,2019,26,1,https://doi.org/10.3747/co.26.4341,Normal Issue, Revised,2018-12-06
Curr. Oncol.,2019,26,1,https://doi.org/10.3747/co.26.4341,Normal Issue, Accepted,2019-01-12
Curr. Oncol.,2019,26,1,https://doi.org/10.3747/co.26.4341,Normal Issue, Published,2019-02-01
Curr. Oncol.,2019,26,1,https://doi.org/10.3747/co.26.4955,Normal Issue,"
Received",2018-11-03
Curr. Oncol.,2019,26,1,https://doi.org/10.3747/co.26.4955,Normal Issue, Revised,2018-12-08
Curr. Oncol.,2019,26,1,https://doi.org/10.3747/co.26.4955,Normal Issue, Accepted,2019-01-12
Curr. Oncol.,2019,26,1,https://doi.org/10.3747/co.26.4955,Normal Issue, Published,2019-02-01
Curr. Oncol.,2019,26,1,https://doi.org/10.3747/co.26.4609,Normal Issue,"
Received",2018-11-03
Curr. Oncol.,2019,26,1,https://doi.org/10.3747/co.26.4609,Normal Issue, Revised,2018-12-08
Curr. Oncol.,2019,26,1,https://doi.org/10.3747/co.26.4609,Normal Issue, Accepted,2019-01-12
Curr. Oncol.,2019,26,1,https://doi.org/10.3747/co.26.4609,Normal Issue, Published,2019-02-01
Curr. Oncol.,2019,26,1,https://doi.org/10.3747/co.26.4815,Normal Issue,"
Received",2018-11-03
Curr. Oncol.,2019,26,1,https://doi.org/10.3747/co.26.4815,Normal Issue, Revised,2018-12-08
Curr. Oncol.,2019,26,1,https://doi.org/10.3747/co.26.4815,Normal Issue, Accepted,2019-01-12
Curr. Oncol.,2019,26,1,https://doi.org/10.3747/co.26.4815,Normal Issue, Published,2019-02-01
Curr. Oncol.,2019,26,1,https://doi.org/10.3747/co.26.4068,Normal Issue,"
Received",2018-11-05
Curr. Oncol.,2019,26,1,https://doi.org/10.3747/co.26.4068,Normal Issue, Revised,2018-12-10
Curr. Oncol.,2019,26,1,https://doi.org/10.3747/co.26.4068,Normal Issue, Accepted,2019-01-07
Curr. Oncol.,2019,26,1,https://doi.org/10.3747/co.26.4068,Normal Issue, Published,2019-02-01
Curr. Oncol.,2019,26,1,https://doi.org/10.3747/co.26.4271,Normal Issue,"
Received",2018-11-03
Curr. Oncol.,2019,26,1,https://doi.org/10.3747/co.26.4271,Normal Issue, Revised,2018-12-06
Curr. Oncol.,2019,26,1,https://doi.org/10.3747/co.26.4271,Normal Issue, Accepted,2019-01-12
Curr. Oncol.,2019,26,1,https://doi.org/10.3747/co.26.4271,Normal Issue, Published,2019-02-01
Curr. Oncol.,2019,26,1,https://doi.org/10.3747/co.26.4389,Normal Issue,"
Received",2018-11-03
Curr. Oncol.,2019,26,1,https://doi.org/10.3747/co.26.4389,Normal Issue, Revised,2018-12-04
Curr. Oncol.,2019,26,1,https://doi.org/10.3747/co.26.4389,Normal Issue, Accepted,2019-01-12
Curr. Oncol.,2019,26,1,https://doi.org/10.3747/co.26.4389,Normal Issue, Published,2019-02-01
Curr. Oncol.,2020,27,1,https://doi.org/10.3747/co.27.5211,Normal Issue,"
Received",2019-11-10
Curr. Oncol.,2020,27,1,https://doi.org/10.3747/co.27.5211,Normal Issue, Revised,2019-12-07
Curr. Oncol.,2020,27,1,https://doi.org/10.3747/co.27.5211,Normal Issue, Accepted,2020-01-12
Curr. Oncol.,2020,27,1,https://doi.org/10.3747/co.27.5211,Normal Issue, Published,2020-02-01
Curr. Oncol.,2020,27,1,https://doi.org/10.3747/co.27.5961,Normal Issue,"
Received",2019-11-06
Curr. Oncol.,2020,27,1,https://doi.org/10.3747/co.27.5961,Normal Issue, Revised,2019-12-05
Curr. Oncol.,2020,27,1,https://doi.org/10.3747/co.27.5961,Normal Issue, Accepted,2020-01-15
Curr. Oncol.,2020,27,1,https://doi.org/10.3747/co.27.5961,Normal Issue, Published,2020-02-01
Curr. Oncol.,2020,27,1,https://doi.org/10.3747/co.27.5499,Normal Issue,"
Received",2019-11-09
Curr. Oncol.,2020,27,1,https://doi.org/10.3747/co.27.5499,Normal Issue, Revised,2019-12-07
Curr. Oncol.,2020,27,1,https://doi.org/10.3747/co.27.5499,Normal Issue, Accepted,2020-01-10
Curr. Oncol.,2020,27,1,https://doi.org/10.3747/co.27.5499,Normal Issue, Published,2020-02-01
Curr. Oncol.,2020,27,1,https://doi.org/10.3747/co.27.5789,Normal Issue,"
Received",2019-11-07
Curr. Oncol.,2020,27,1,https://doi.org/10.3747/co.27.5789,Normal Issue, Revised,2019-12-02
Curr. Oncol.,2020,27,1,https://doi.org/10.3747/co.27.5789,Normal Issue, Accepted,2020-01-14
Curr. Oncol.,2020,27,1,https://doi.org/10.3747/co.27.5789,Normal Issue, Published,2020-02-01
Curr. Oncol.,2020,27,1,https://doi.org/10.3747/co.27.5267,Normal Issue,"
Received",2019-11-04
Curr. Oncol.,2020,27,1,https://doi.org/10.3747/co.27.5267,Normal Issue, Revised,2019-12-07
Curr. Oncol.,2020,27,1,https://doi.org/10.3747/co.27.5267,Normal Issue, Accepted,2020-01-13
Curr. Oncol.,2020,27,1,https://doi.org/10.3747/co.27.5267,Normal Issue, Published,2020-02-01
Curr. Oncol.,2020,27,1,https://doi.org/10.3747/co.27.5401,Normal Issue,"
Received",2019-11-08
Curr. Oncol.,2020,27,1,https://doi.org/10.3747/co.27.5401,Normal Issue, Revised,2019-12-05
Curr. Oncol.,2020,27,1,https://doi.org/10.3747/co.27.5401,Normal Issue, Accepted,2020-01-03
Curr. Oncol.,2020,27,1,https://doi.org/10.3747/co.27.5401,Normal Issue, Published,2020-02-01
Curr. Oncol.,2021,28,1,https://doi.org/10.3390/curroncol28010001,Normal Issue,"
Received",2020-11-18
Curr. Oncol.,2021,28,1,https://doi.org/10.3390/curroncol28010001,Normal Issue, Accepted,2020-11-18
Curr. Oncol.,2021,28,1,https://doi.org/10.3390/curroncol28010001,Normal Issue, Published,2020-11-20
Curr. Oncol.,2021,28,1,https://doi.org/10.3390/curroncol28010002,Normal Issue,"
Received",2020-11-25
Curr. Oncol.,2021,28,1,https://doi.org/10.3390/curroncol28010002,Normal Issue, Accepted,2020-11-25
Curr. Oncol.,2021,28,1,https://doi.org/10.3390/curroncol28010002,Normal Issue, Published,2020-11-28
Curr. Oncol.,2021,28,1,https://doi.org/10.3390/curroncol28010003,Normal Issue,"
Received",2020-07-03
Curr. Oncol.,2021,28,1,https://doi.org/10.3390/curroncol28010003,Normal Issue, Revised,2020-11-20
Curr. Oncol.,2021,28,1,https://doi.org/10.3390/curroncol28010003,Normal Issue, Accepted,2020-11-23
Curr. Oncol.,2021,28,1,https://doi.org/10.3390/curroncol28010003,Normal Issue, Published,2020-11-30
Curr. Oncol.,2021,28,1,https://doi.org/10.3390/curroncol28010004,Normal Issue,"
Received",2020-05-11
Curr. Oncol.,2021,28,1,https://doi.org/10.3390/curroncol28010004,Normal Issue, Revised,2020-11-11
Curr. Oncol.,2021,28,1,https://doi.org/10.3390/curroncol28010004,Normal Issue, Accepted,2020-11-11
Curr. Oncol.,2021,28,1,https://doi.org/10.3390/curroncol28010004,Normal Issue, Published,2020-11-30
Curr. Oncol.,2021,28,1,https://doi.org/10.3390/curroncol28010005,Normal Issue,"
Received",2019-12-23
Curr. Oncol.,2021,28,1,https://doi.org/10.3390/curroncol28010005,Normal Issue, Revised,2020-11-10
Curr. Oncol.,2021,28,1,https://doi.org/10.3390/curroncol28010005,Normal Issue, Accepted,2020-11-10
Curr. Oncol.,2021,28,1,https://doi.org/10.3390/curroncol28010005,Normal Issue, Published,2020-11-30
Curr. Oncol.,2021,28,1,https://doi.org/10.3390/curroncol28010006,Normal Issue,"
Received",2020-07-08
Curr. Oncol.,2021,28,1,https://doi.org/10.3390/curroncol28010006,Normal Issue, Revised,2020-11-06
Curr. Oncol.,2021,28,1,https://doi.org/10.3390/curroncol28010006,Normal Issue, Accepted,2020-11-24
Curr. Oncol.,2021,28,1,https://doi.org/10.3390/curroncol28010006,Normal Issue, Published,2020-12-01
Curr. Oncol.,2021,28,1,https://doi.org/10.3390/curroncol28010007,Normal Issue,"
Received",2020-07-29
Curr. Oncol.,2021,28,1,https://doi.org/10.3390/curroncol28010007,Normal Issue, Revised,2020-11-17
Curr. Oncol.,2021,28,1,https://doi.org/10.3390/curroncol28010007,Normal Issue, Accepted,2020-11-17
Curr. Oncol.,2021,28,1,https://doi.org/10.3390/curroncol28010007,Normal Issue, Published,2020-12-02
Curr. Oncol.,2021,28,1,https://doi.org/10.3390/curroncol28010008,Normal Issue,"
Received",2020-06-29
Curr. Oncol.,2021,28,1,https://doi.org/10.3390/curroncol28010008,Normal Issue, Revised,2020-11-06
Curr. Oncol.,2021,28,1,https://doi.org/10.3390/curroncol28010008,Normal Issue, Accepted,2020-11-06
Curr. Oncol.,2021,28,1,https://doi.org/10.3390/curroncol28010008,Normal Issue, Published,2020-12-04
Curr. Oncol.,2021,28,1,https://doi.org/10.3390/curroncol28010009,Normal Issue,"
Received",2020-07-08
Curr. Oncol.,2021,28,1,https://doi.org/10.3390/curroncol28010009,Normal Issue, Revised,2020-11-17
Curr. Oncol.,2021,28,1,https://doi.org/10.3390/curroncol28010009,Normal Issue, Accepted,2020-12-01
Curr. Oncol.,2021,28,1,https://doi.org/10.3390/curroncol28010009,Normal Issue, Published,2020-12-05
Curr. Oncol.,2021,28,1,https://doi.org/10.3390/curroncol28010010,Normal Issue,"
Received",2020-08-06
Curr. Oncol.,2021,28,1,https://doi.org/10.3390/curroncol28010010,Normal Issue, Revised,2020-11-30
Curr. Oncol.,2021,28,1,https://doi.org/10.3390/curroncol28010010,Normal Issue, Accepted,2020-12-01
Curr. Oncol.,2021,28,1,https://doi.org/10.3390/curroncol28010010,Normal Issue, Published,2020-12-08
Curr. Oncol.,2021,28,1,https://doi.org/10.3390/curroncol28010011,Normal Issue,"
Received",2020-10-31
Curr. Oncol.,2021,28,1,https://doi.org/10.3390/curroncol28010011,Normal Issue, Revised,2020-12-08
Curr. Oncol.,2021,28,1,https://doi.org/10.3390/curroncol28010011,Normal Issue, Accepted,2020-12-10
Curr. Oncol.,2021,28,1,https://doi.org/10.3390/curroncol28010011,Normal Issue, Published,2020-12-12
Curr. Oncol.,2021,28,1,https://doi.org/10.3390/curroncol28010012,Normal Issue,"
Received",2020-09-23
Curr. Oncol.,2021,28,1,https://doi.org/10.3390/curroncol28010012,Normal Issue, Revised,2020-12-06
Curr. Oncol.,2021,28,1,https://doi.org/10.3390/curroncol28010012,Normal Issue, Accepted,2020-12-15
Curr. Oncol.,2021,28,1,https://doi.org/10.3390/curroncol28010012,Normal Issue, Published,2020-12-18
Curr. Oncol.,2021,28,1,https://doi.org/10.3390/curroncol28010013,Normal Issue,"
Received",2020-07-30
Curr. Oncol.,2021,28,1,https://doi.org/10.3390/curroncol28010013,Normal Issue, Revised,2020-11-20
Curr. Oncol.,2021,28,1,https://doi.org/10.3390/curroncol28010013,Normal Issue, Accepted,2020-12-15
Curr. Oncol.,2021,28,1,https://doi.org/10.3390/curroncol28010013,Normal Issue, Published,2020-12-18
Curr. Oncol.,2021,28,1,https://doi.org/10.3390/curroncol28010014,Normal Issue,"
Received",2020-07-30
Curr. Oncol.,2021,28,1,https://doi.org/10.3390/curroncol28010014,Normal Issue, Revised,2020-12-03
Curr. Oncol.,2021,28,1,https://doi.org/10.3390/curroncol28010014,Normal Issue, Accepted,2020-12-15
Curr. Oncol.,2021,28,1,https://doi.org/10.3390/curroncol28010014,Normal Issue, Published,2020-12-21
Curr. Oncol.,2021,28,1,https://doi.org/10.3390/curroncol28010015,Normal Issue,"
Received",2020-11-09
Curr. Oncol.,2021,28,1,https://doi.org/10.3390/curroncol28010015,Normal Issue, Revised,2020-12-03
Curr. Oncol.,2021,28,1,https://doi.org/10.3390/curroncol28010015,Normal Issue, Accepted,2020-12-15
Curr. Oncol.,2021,28,1,https://doi.org/10.3390/curroncol28010015,Normal Issue, Published,2020-12-21
Curr. Oncol.,2021,28,1,https://doi.org/10.3390/curroncol28010016,Normal Issue,"
Received",2020-08-09
Curr. Oncol.,2021,28,1,https://doi.org/10.3390/curroncol28010016,Normal Issue, Revised,2020-12-15
Curr. Oncol.,2021,28,1,https://doi.org/10.3390/curroncol28010016,Normal Issue, Accepted,2020-12-17
Curr. Oncol.,2021,28,1,https://doi.org/10.3390/curroncol28010016,Normal Issue, Published,2020-12-22
Curr. Oncol.,2021,28,1,https://doi.org/10.3390/curroncol28010017,Normal Issue,"
Received",2020-11-19
Curr. Oncol.,2021,28,1,https://doi.org/10.3390/curroncol28010017,Normal Issue, Revised,2020-12-19
Curr. Oncol.,2021,28,1,https://doi.org/10.3390/curroncol28010017,Normal Issue, Accepted,2020-12-21
Curr. Oncol.,2021,28,1,https://doi.org/10.3390/curroncol28010017,Normal Issue, Published,2020-12-24
Curr. Oncol.,2021,28,1,https://doi.org/10.3390/curroncol28010018,Normal Issue,"
Received",2020-08-25
Curr. Oncol.,2021,28,1,https://doi.org/10.3390/curroncol28010018,Normal Issue, Revised,2020-12-15
Curr. Oncol.,2021,28,1,https://doi.org/10.3390/curroncol28010018,Normal Issue, Accepted,2020-12-22
Curr. Oncol.,2021,28,1,https://doi.org/10.3390/curroncol28010018,Normal Issue, Published,2020-12-25
Curr. Oncol.,2021,28,1,https://doi.org/10.3390/curroncol28010019,Normal Issue,"
Received",2020-11-28
Curr. Oncol.,2021,28,1,https://doi.org/10.3390/curroncol28010019,Normal Issue, Revised,2020-12-18
Curr. Oncol.,2021,28,1,https://doi.org/10.3390/curroncol28010019,Normal Issue, Accepted,2020-12-21
Curr. Oncol.,2021,28,1,https://doi.org/10.3390/curroncol28010019,Normal Issue, Published,2020-12-25
Curr. Oncol.,2021,28,1,https://doi.org/10.3390/curroncol28010020,Normal Issue,"
Received",2020-09-02
Curr. Oncol.,2021,28,1,https://doi.org/10.3390/curroncol28010020,Normal Issue, Revised,2020-12-01
Curr. Oncol.,2021,28,1,https://doi.org/10.3390/curroncol28010020,Normal Issue, Accepted,2020-12-16
Curr. Oncol.,2021,28,1,https://doi.org/10.3390/curroncol28010020,Normal Issue, Published,2020-12-25
Curr. Oncol.,2021,28,1,https://doi.org/10.3390/curroncol28010021,Normal Issue,"
Received",2020-11-08
Curr. Oncol.,2021,28,1,https://doi.org/10.3390/curroncol28010021,Normal Issue, Revised,2020-12-07
Curr. Oncol.,2021,28,1,https://doi.org/10.3390/curroncol28010021,Normal Issue, Accepted,2020-12-21
Curr. Oncol.,2021,28,1,https://doi.org/10.3390/curroncol28010021,Normal Issue, Published,2020-12-25
Curr. Oncol.,2021,28,1,https://doi.org/10.3390/curroncol28010022,Normal Issue,"
Received",2020-10-12
Curr. Oncol.,2021,28,1,https://doi.org/10.3390/curroncol28010022,Normal Issue, Revised,2020-12-18
Curr. Oncol.,2021,28,1,https://doi.org/10.3390/curroncol28010022,Normal Issue, Accepted,2020-12-22
Curr. Oncol.,2021,28,1,https://doi.org/10.3390/curroncol28010022,Normal Issue, Published,2020-12-30
Curr. Oncol.,2021,28,1,https://doi.org/10.3390/curroncol28010023,Normal Issue,"
Received",2020-11-20
Curr. Oncol.,2021,28,1,https://doi.org/10.3390/curroncol28010023,Normal Issue, Revised,2020-12-16
Curr. Oncol.,2021,28,1,https://doi.org/10.3390/curroncol28010023,Normal Issue, Accepted,2020-12-24
Curr. Oncol.,2021,28,1,https://doi.org/10.3390/curroncol28010023,Normal Issue, Published,2020-12-30
Curr. Oncol.,2021,28,1,https://doi.org/10.3390/curroncol28010024,Normal Issue,"
Received",2020-04-18
Curr. Oncol.,2021,28,1,https://doi.org/10.3390/curroncol28010024,Normal Issue, Revised,2020-11-11
Curr. Oncol.,2021,28,1,https://doi.org/10.3390/curroncol28010024,Normal Issue, Accepted,2020-11-11
Curr. Oncol.,2021,28,1,https://doi.org/10.3390/curroncol28010024,Normal Issue, Published,2020-12-30
Curr. Oncol.,2021,28,1,https://doi.org/10.3390/curroncol28010025,Normal Issue,"
Received",2020-11-16
Curr. Oncol.,2021,28,1,https://doi.org/10.3390/curroncol28010025,Normal Issue, Revised,2020-12-22
Curr. Oncol.,2021,28,1,https://doi.org/10.3390/curroncol28010025,Normal Issue, Accepted,2020-12-29
Curr. Oncol.,2021,28,1,https://doi.org/10.3390/curroncol28010025,Normal Issue, Published,2020-12-31
Curr. Oncol.,2021,28,1,https://doi.org/10.3390/curroncol28010026,Normal Issue,"
Received",2020-11-13
Curr. Oncol.,2021,28,1,https://doi.org/10.3390/curroncol28010026,Normal Issue, Revised,2020-12-22
Curr. Oncol.,2021,28,1,https://doi.org/10.3390/curroncol28010026,Normal Issue, Accepted,2020-12-22
Curr. Oncol.,2021,28,1,https://doi.org/10.3390/curroncol28010026,Normal Issue, Published,2020-12-31
Curr. Oncol.,2021,28,1,https://doi.org/10.3390/curroncol28010027,Normal Issue,"
Received",2020-11-28
Curr. Oncol.,2021,28,1,https://doi.org/10.3390/curroncol28010027,Normal Issue, Revised,2020-12-26
Curr. Oncol.,2021,28,1,https://doi.org/10.3390/curroncol28010027,Normal Issue, Accepted,2020-12-29
Curr. Oncol.,2021,28,1,https://doi.org/10.3390/curroncol28010027,Normal Issue, Published,2020-12-31
Curr. Oncol.,2021,28,1,https://doi.org/10.3390/curroncol28010028,Normal Issue,"
Received",2020-07-13
Curr. Oncol.,2021,28,1,https://doi.org/10.3390/curroncol28010028,Normal Issue, Revised,2020-12-21
Curr. Oncol.,2021,28,1,https://doi.org/10.3390/curroncol28010028,Normal Issue, Accepted,2020-12-30
Curr. Oncol.,2021,28,1,https://doi.org/10.3390/curroncol28010028,Normal Issue, Published,2021-01-04
Curr. Oncol.,2021,28,1,https://doi.org/10.3390/curroncol28010029,Normal Issue,"
Received",2020-12-22
Curr. Oncol.,2021,28,1,https://doi.org/10.3390/curroncol28010029,Normal Issue, Accepted,2020-12-23
Curr. Oncol.,2021,28,1,https://doi.org/10.3390/curroncol28010029,Normal Issue, Published,2021-01-04
Curr. Oncol.,2021,28,1,https://doi.org/10.3390/curroncol28010030,Normal Issue,"
Received",2020-12-23
Curr. Oncol.,2021,28,1,https://doi.org/10.3390/curroncol28010030,Normal Issue, Revised,2020-12-23
Curr. Oncol.,2021,28,1,https://doi.org/10.3390/curroncol28010030,Normal Issue, Accepted,2020-12-23
Curr. Oncol.,2021,28,1,https://doi.org/10.3390/curroncol28010030,Normal Issue, Published,2021-01-04
Curr. Oncol.,2021,28,1,https://doi.org/10.3390/curroncol28010031,Normal Issue,"
Received",2020-12-23
Curr. Oncol.,2021,28,1,https://doi.org/10.3390/curroncol28010031,Normal Issue, Accepted,2020-12-23
Curr. Oncol.,2021,28,1,https://doi.org/10.3390/curroncol28010031,Normal Issue, Published,2021-01-05
Curr. Oncol.,2021,28,1,https://doi.org/10.3390/curroncol28010032,Normal Issue,"
Received",2020-10-07
Curr. Oncol.,2021,28,1,https://doi.org/10.3390/curroncol28010032,Normal Issue, Revised,2020-12-22
Curr. Oncol.,2021,28,1,https://doi.org/10.3390/curroncol28010032,Normal Issue, Accepted,2020-12-22
Curr. Oncol.,2021,28,1,https://doi.org/10.3390/curroncol28010032,Normal Issue, Published,2021-01-06
Curr. Oncol.,2021,28,1,https://doi.org/10.3390/curroncol28010033,Normal Issue,"
Received",2020-07-07
Curr. Oncol.,2021,28,1,https://doi.org/10.3390/curroncol28010033,Normal Issue, Accepted,2020-12-18
Curr. Oncol.,2021,28,1,https://doi.org/10.3390/curroncol28010033,Normal Issue, Published,2021-01-06
Curr. Oncol.,2021,28,1,https://doi.org/10.3390/curroncol28010034,Normal Issue,"
Received",2020-10-15
Curr. Oncol.,2021,28,1,https://doi.org/10.3390/curroncol28010034,Normal Issue, Revised,2020-12-11
Curr. Oncol.,2021,28,1,https://doi.org/10.3390/curroncol28010034,Normal Issue, Accepted,2021-01-06
Curr. Oncol.,2021,28,1,https://doi.org/10.3390/curroncol28010034,Normal Issue, Published,2021-01-08
Curr. Oncol.,2021,28,1,https://doi.org/10.3390/curroncol28010035,Normal Issue,"
Received",2020-11-09
Curr. Oncol.,2021,28,1,https://doi.org/10.3390/curroncol28010035,Normal Issue, Revised,2020-11-28
Curr. Oncol.,2021,28,1,https://doi.org/10.3390/curroncol28010035,Normal Issue, Accepted,2020-12-09
Curr. Oncol.,2021,28,1,https://doi.org/10.3390/curroncol28010035,Normal Issue, Published,2021-01-08
Curr. Oncol.,2021,28,1,https://doi.org/10.3390/curroncol28010036,Normal Issue,"
Received",2020-11-17
Curr. Oncol.,2021,28,1,https://doi.org/10.3390/curroncol28010036,Normal Issue, Revised,2020-12-02
Curr. Oncol.,2021,28,1,https://doi.org/10.3390/curroncol28010036,Normal Issue, Accepted,2020-12-03
Curr. Oncol.,2021,28,1,https://doi.org/10.3390/curroncol28010036,Normal Issue, Published,2021-01-08
Curr. Oncol.,2021,28,1,https://doi.org/10.3390/curroncol28010037,Normal Issue,"
Received",2020-11-16
Curr. Oncol.,2021,28,1,https://doi.org/10.3390/curroncol28010037,Normal Issue, Revised,2020-12-22
Curr. Oncol.,2021,28,1,https://doi.org/10.3390/curroncol28010037,Normal Issue, Accepted,2020-12-30
Curr. Oncol.,2021,28,1,https://doi.org/10.3390/curroncol28010037,Normal Issue, Published,2021-01-09
Curr. Oncol.,2021,28,1,https://doi.org/10.3390/curroncol28010038,Normal Issue,"
Received",2020-12-02
Curr. Oncol.,2021,28,1,https://doi.org/10.3390/curroncol28010038,Normal Issue, Revised,2021-01-03
Curr. Oncol.,2021,28,1,https://doi.org/10.3390/curroncol28010038,Normal Issue, Accepted,2021-01-05
Curr. Oncol.,2021,28,1,https://doi.org/10.3390/curroncol28010038,Normal Issue, Published,2021-01-09
Curr. Oncol.,2021,28,1,https://doi.org/10.3390/curroncol28010039,Normal Issue,"
Received",2020-11-25
Curr. Oncol.,2021,28,1,https://doi.org/10.3390/curroncol28010039,Normal Issue, Revised,2021-01-03
Curr. Oncol.,2021,28,1,https://doi.org/10.3390/curroncol28010039,Normal Issue, Accepted,2021-01-06
Curr. Oncol.,2021,28,1,https://doi.org/10.3390/curroncol28010039,Normal Issue, Published,2021-01-10
Curr. Oncol.,2021,28,1,https://doi.org/10.3390/curroncol28010040,Normal Issue,"
Received",2020-12-07
Curr. Oncol.,2021,28,1,https://doi.org/10.3390/curroncol28010040,Normal Issue, Revised,2021-01-03
Curr. Oncol.,2021,28,1,https://doi.org/10.3390/curroncol28010040,Normal Issue, Accepted,2021-01-05
Curr. Oncol.,2021,28,1,https://doi.org/10.3390/curroncol28010040,Normal Issue, Published,2021-01-11
Curr. Oncol.,2021,28,1,https://doi.org/10.3390/curroncol28010041,Normal Issue,"
Received",2020-11-18
Curr. Oncol.,2021,28,1,https://doi.org/10.3390/curroncol28010041,Normal Issue, Revised,2020-12-22
Curr. Oncol.,2021,28,1,https://doi.org/10.3390/curroncol28010041,Normal Issue, Accepted,2021-01-05
Curr. Oncol.,2021,28,1,https://doi.org/10.3390/curroncol28010041,Normal Issue, Published,2021-01-12
Curr. Oncol.,2021,28,1,https://doi.org/10.3390/curroncol28010042,Normal Issue,"
Received",2020-09-08
Curr. Oncol.,2021,28,1,https://doi.org/10.3390/curroncol28010042,Normal Issue, Revised,2020-12-28
Curr. Oncol.,2021,28,1,https://doi.org/10.3390/curroncol28010042,Normal Issue, Accepted,2021-01-06
Curr. Oncol.,2021,28,1,https://doi.org/10.3390/curroncol28010042,Normal Issue, Published,2021-01-12
Curr. Oncol.,2021,28,1,https://doi.org/10.3390/curroncol28010043,Normal Issue,"
Received",2020-02-10
Curr. Oncol.,2021,28,1,https://doi.org/10.3390/curroncol28010043,Normal Issue, Accepted,2020-10-12
Curr. Oncol.,2021,28,1,https://doi.org/10.3390/curroncol28010043,Normal Issue, Published,2021-01-13
Curr. Oncol.,2021,28,1,https://doi.org/10.3390/curroncol28010044,Normal Issue,"
Received",2020-08-03
Curr. Oncol.,2021,28,1,https://doi.org/10.3390/curroncol28010044,Normal Issue, Revised,2020-12-21
Curr. Oncol.,2021,28,1,https://doi.org/10.3390/curroncol28010044,Normal Issue, Accepted,2021-01-08
Curr. Oncol.,2021,28,1,https://doi.org/10.3390/curroncol28010044,Normal Issue, Published,2021-01-13
Curr. Oncol.,2021,28,1,https://doi.org/10.3390/curroncol28010045,Normal Issue,"
Received",2020-12-22
Curr. Oncol.,2021,28,1,https://doi.org/10.3390/curroncol28010045,Normal Issue, Accepted,2020-12-22
Curr. Oncol.,2021,28,1,https://doi.org/10.3390/curroncol28010045,Normal Issue, Published,2021-01-13
Curr. Oncol.,2021,28,1,https://doi.org/10.3390/curroncol28010046,Normal Issue,"
Received",2020-12-02
Curr. Oncol.,2021,28,1,https://doi.org/10.3390/curroncol28010046,Normal Issue, Revised,2020-12-24
Curr. Oncol.,2021,28,1,https://doi.org/10.3390/curroncol28010046,Normal Issue, Accepted,2021-01-06
Curr. Oncol.,2021,28,1,https://doi.org/10.3390/curroncol28010046,Normal Issue, Published,2021-01-13
Curr. Oncol.,2021,28,1,https://doi.org/10.3390/curroncol28010047,Normal Issue,"
Received",2020-07-24
Curr. Oncol.,2021,28,1,https://doi.org/10.3390/curroncol28010047,Normal Issue, Revised,2020-12-24
Curr. Oncol.,2021,28,1,https://doi.org/10.3390/curroncol28010047,Normal Issue, Accepted,2021-01-06
Curr. Oncol.,2021,28,1,https://doi.org/10.3390/curroncol28010047,Normal Issue, Published,2021-01-13
Curr. Oncol.,2021,28,1,https://doi.org/10.3390/curroncol28010048,Normal Issue,"
Received",2020-09-05
Curr. Oncol.,2021,28,1,https://doi.org/10.3390/curroncol28010048,Normal Issue, Revised,2020-12-23
Curr. Oncol.,2021,28,1,https://doi.org/10.3390/curroncol28010048,Normal Issue, Accepted,2020-12-29
Curr. Oncol.,2021,28,1,https://doi.org/10.3390/curroncol28010048,Normal Issue, Published,2021-01-13
Curr. Oncol.,2021,28,1,https://doi.org/10.3390/curroncol28010049,Normal Issue,"
Received",2020-11-27
Curr. Oncol.,2021,28,1,https://doi.org/10.3390/curroncol28010049,Normal Issue, Revised,2021-01-06
Curr. Oncol.,2021,28,1,https://doi.org/10.3390/curroncol28010049,Normal Issue, Accepted,2021-01-08
Curr. Oncol.,2021,28,1,https://doi.org/10.3390/curroncol28010049,Normal Issue, Published,2021-01-13
Curr. Oncol.,2021,28,1,https://doi.org/10.3390/curroncol28010050,Normal Issue,"
Received",2020-11-26
Curr. Oncol.,2021,28,1,https://doi.org/10.3390/curroncol28010050,Normal Issue, Revised,2021-01-08
Curr. Oncol.,2021,28,1,https://doi.org/10.3390/curroncol28010050,Normal Issue, Accepted,2021-01-11
Curr. Oncol.,2021,28,1,https://doi.org/10.3390/curroncol28010050,Normal Issue, Published,2021-01-14
Curr. Oncol.,2021,28,1,https://doi.org/10.3390/curroncol28010051,Normal Issue,"
Received",2020-11-25
Curr. Oncol.,2021,28,1,https://doi.org/10.3390/curroncol28010051,Normal Issue, Revised,2020-12-11
Curr. Oncol.,2021,28,1,https://doi.org/10.3390/curroncol28010051,Normal Issue, Accepted,2021-01-08
Curr. Oncol.,2021,28,1,https://doi.org/10.3390/curroncol28010051,Normal Issue, Published,2021-01-14
Curr. Oncol.,2021,28,1,https://doi.org/10.3390/curroncol28010052,Normal Issue,"
Received",2020-08-19
Curr. Oncol.,2021,28,1,https://doi.org/10.3390/curroncol28010052,Normal Issue, Revised,2020-09-08
Curr. Oncol.,2021,28,1,https://doi.org/10.3390/curroncol28010052,Normal Issue, Accepted,2020-10-30
Curr. Oncol.,2021,28,1,https://doi.org/10.3390/curroncol28010052,Normal Issue, Published,2021-01-15
Curr. Oncol.,2021,28,1,https://doi.org/10.3390/curroncol28010053,Normal Issue,"
Received",2020-12-02
Curr. Oncol.,2021,28,1,https://doi.org/10.3390/curroncol28010053,Normal Issue, Revised,2020-12-31
Curr. Oncol.,2021,28,1,https://doi.org/10.3390/curroncol28010053,Normal Issue, Accepted,2021-01-08
Curr. Oncol.,2021,28,1,https://doi.org/10.3390/curroncol28010053,Normal Issue, Published,2021-01-15
Curr. Oncol.,2021,28,1,https://doi.org/10.3390/curroncol28010054,Normal Issue,"
Received",2020-11-17
Curr. Oncol.,2021,28,1,https://doi.org/10.3390/curroncol28010054,Normal Issue, Revised,2020-12-20
Curr. Oncol.,2021,28,1,https://doi.org/10.3390/curroncol28010054,Normal Issue, Accepted,2021-01-08
Curr. Oncol.,2021,28,1,https://doi.org/10.3390/curroncol28010054,Normal Issue, Published,2021-01-18
Curr. Oncol.,2021,28,1,https://doi.org/10.3390/curroncol28010055,Normal Issue,"
Received",2020-11-18
Curr. Oncol.,2021,28,1,https://doi.org/10.3390/curroncol28010055,Normal Issue, Revised,2020-12-16
Curr. Oncol.,2021,28,1,https://doi.org/10.3390/curroncol28010055,Normal Issue, Accepted,2020-12-30
Curr. Oncol.,2021,28,1,https://doi.org/10.3390/curroncol28010055,Normal Issue, Published,2021-01-19
Curr. Oncol.,2021,28,1,https://doi.org/10.3390/curroncol28010056,Normal Issue,"
Received",2020-02-10
Curr. Oncol.,2021,28,1,https://doi.org/10.3390/curroncol28010056,Normal Issue, Revised,2020-12-22
Curr. Oncol.,2021,28,1,https://doi.org/10.3390/curroncol28010056,Normal Issue, Accepted,2020-12-22
Curr. Oncol.,2021,28,1,https://doi.org/10.3390/curroncol28010056,Normal Issue, Published,2021-01-19
Curr. Oncol.,2021,28,1,https://doi.org/10.3390/curroncol28010057,Normal Issue,"
Received",2020-12-06
Curr. Oncol.,2021,28,1,https://doi.org/10.3390/curroncol28010057,Normal Issue, Revised,2021-01-10
Curr. Oncol.,2021,28,1,https://doi.org/10.3390/curroncol28010057,Normal Issue, Accepted,2021-01-15
Curr. Oncol.,2021,28,1,https://doi.org/10.3390/curroncol28010057,Normal Issue, Published,2021-01-19
Curr. Oncol.,2021,28,1,https://doi.org/10.3390/curroncol28010058,Normal Issue,"
Received",2020-07-21
Curr. Oncol.,2021,28,1,https://doi.org/10.3390/curroncol28010058,Normal Issue, Revised,2020-11-12
Curr. Oncol.,2021,28,1,https://doi.org/10.3390/curroncol28010058,Normal Issue, Accepted,2021-01-13
Curr. Oncol.,2021,28,1,https://doi.org/10.3390/curroncol28010058,Normal Issue, Published,2021-01-19
Curr. Oncol.,2021,28,1,https://doi.org/10.3390/curroncol28010059,Normal Issue,"
Received",2020-06-11
Curr. Oncol.,2021,28,1,https://doi.org/10.3390/curroncol28010059,Normal Issue, Accepted,2020-11-03
Curr. Oncol.,2021,28,1,https://doi.org/10.3390/curroncol28010059,Normal Issue, Published,2021-01-20
Curr. Oncol.,2021,28,1,https://doi.org/10.3390/curroncol28010060,Normal Issue,"
Received",2020-11-17
Curr. Oncol.,2021,28,1,https://doi.org/10.3390/curroncol28010060,Normal Issue, Revised,2020-12-24
Curr. Oncol.,2021,28,1,https://doi.org/10.3390/curroncol28010060,Normal Issue, Accepted,2021-01-11
Curr. Oncol.,2021,28,1,https://doi.org/10.3390/curroncol28010060,Normal Issue, Published,2021-01-20
Curr. Oncol.,2021,28,1,https://doi.org/10.3390/curroncol28010061,Normal Issue,"
Received",2020-12-23
Curr. Oncol.,2021,28,1,https://doi.org/10.3390/curroncol28010061,Normal Issue, Accepted,2020-12-23
Curr. Oncol.,2021,28,1,https://doi.org/10.3390/curroncol28010061,Normal Issue, Published,2021-01-20
Curr. Oncol.,2021,28,1,https://doi.org/10.3390/curroncol28010062,Normal Issue,"
Received",2020-11-16
Curr. Oncol.,2021,28,1,https://doi.org/10.3390/curroncol28010062,Normal Issue, Revised,2021-01-04
Curr. Oncol.,2021,28,1,https://doi.org/10.3390/curroncol28010062,Normal Issue, Accepted,2021-01-15
Curr. Oncol.,2021,28,1,https://doi.org/10.3390/curroncol28010062,Normal Issue, Published,2021-01-21
Curr. Oncol.,2021,28,1,https://doi.org/10.3390/curroncol28010063,Normal Issue,"
Received",2020-12-14
Curr. Oncol.,2021,28,1,https://doi.org/10.3390/curroncol28010063,Normal Issue, Revised,2021-01-09
Curr. Oncol.,2021,28,1,https://doi.org/10.3390/curroncol28010063,Normal Issue, Accepted,2021-01-18
Curr. Oncol.,2021,28,1,https://doi.org/10.3390/curroncol28010063,Normal Issue, Published,2021-01-21
Curr. Oncol.,2021,28,1,https://doi.org/10.3390/curroncol28010064,Normal Issue,"
Received",2020-11-02
Curr. Oncol.,2021,28,1,https://doi.org/10.3390/curroncol28010064,Normal Issue, Revised,2021-01-14
Curr. Oncol.,2021,28,1,https://doi.org/10.3390/curroncol28010064,Normal Issue, Accepted,2021-01-15
Curr. Oncol.,2021,28,1,https://doi.org/10.3390/curroncol28010064,Normal Issue, Published,2021-01-22
Curr. Oncol.,2021,28,1,https://doi.org/10.3390/curroncol28010065,Normal Issue,"
Received",2020-11-20
Curr. Oncol.,2021,28,1,https://doi.org/10.3390/curroncol28010065,Normal Issue, Revised,2021-01-11
Curr. Oncol.,2021,28,1,https://doi.org/10.3390/curroncol28010065,Normal Issue, Accepted,2021-01-18
Curr. Oncol.,2021,28,1,https://doi.org/10.3390/curroncol28010065,Normal Issue, Published,2021-01-22
Curr. Oncol.,2021,28,1,https://doi.org/10.3390/curroncol28010066,Normal Issue,"
Received",2020-08-20
Curr. Oncol.,2021,28,1,https://doi.org/10.3390/curroncol28010066,Normal Issue, Revised,2020-12-17
Curr. Oncol.,2021,28,1,https://doi.org/10.3390/curroncol28010066,Normal Issue, Accepted,2021-01-12
Curr. Oncol.,2021,28,1,https://doi.org/10.3390/curroncol28010066,Normal Issue, Published,2021-01-24
Curr. Oncol.,2021,28,1,https://doi.org/10.3390/curroncol28010067,Normal Issue,"
Received",2020-12-31
Curr. Oncol.,2021,28,1,https://doi.org/10.3390/curroncol28010067,Normal Issue, Accepted,2021-01-12
Curr. Oncol.,2021,28,1,https://doi.org/10.3390/curroncol28010067,Normal Issue, Published,2021-01-24
Curr. Oncol.,2021,28,1,https://doi.org/10.3390/curroncol28010068,Normal Issue,"
Received",2020-12-02
Curr. Oncol.,2021,28,1,https://doi.org/10.3390/curroncol28010068,Normal Issue, Revised,2020-12-02
Curr. Oncol.,2021,28,1,https://doi.org/10.3390/curroncol28010068,Normal Issue, Accepted,2021-01-18
Curr. Oncol.,2021,28,1,https://doi.org/10.3390/curroncol28010068,Normal Issue, Published,2021-01-25
Curr. Oncol.,2021,28,1,https://doi.org/10.3390/curroncol28010069,Normal Issue,"
Received",2020-11-13
Curr. Oncol.,2021,28,1,https://doi.org/10.3390/curroncol28010069,Normal Issue, Revised,2021-01-07
Curr. Oncol.,2021,28,1,https://doi.org/10.3390/curroncol28010069,Normal Issue, Accepted,2021-01-15
Curr. Oncol.,2021,28,1,https://doi.org/10.3390/curroncol28010069,Normal Issue, Published,2021-01-25
Curr. Oncol.,2021,28,1,https://doi.org/10.3390/curroncol28010070,Normal Issue,"
Received",2020-11-06
Curr. Oncol.,2021,28,1,https://doi.org/10.3390/curroncol28010070,Normal Issue, Revised,2021-01-17
Curr. Oncol.,2021,28,1,https://doi.org/10.3390/curroncol28010070,Normal Issue, Accepted,2021-01-25
Curr. Oncol.,2021,28,1,https://doi.org/10.3390/curroncol28010070,Normal Issue, Published,2021-01-30
Curr. Oncol.,2021,28,1,https://doi.org/10.3390/curroncol28010071,Normal Issue,"
Received",2021-01-07
Curr. Oncol.,2021,28,1,https://doi.org/10.3390/curroncol28010071,Normal Issue, Revised,2021-01-26
Curr. Oncol.,2021,28,1,https://doi.org/10.3390/curroncol28010071,Normal Issue, Accepted,2021-01-28
Curr. Oncol.,2021,28,1,https://doi.org/10.3390/curroncol28010071,Normal Issue, Published,2021-01-31
Curr. Oncol.,2021,28,1,https://doi.org/10.3390/curroncol28010072,Normal Issue,"
Received",2021-01-17
Curr. Oncol.,2021,28,1,https://doi.org/10.3390/curroncol28010072,Normal Issue, Accepted,2021-01-27
Curr. Oncol.,2021,28,1,https://doi.org/10.3390/curroncol28010072,Normal Issue, Published,2021-01-31
Curr. Oncol.,2021,28,1,https://doi.org/10.3390/curroncol28010073,Normal Issue,"
Received",2020-11-06
Curr. Oncol.,2021,28,1,https://doi.org/10.3390/curroncol28010073,Normal Issue, Revised,2021-01-25
Curr. Oncol.,2021,28,1,https://doi.org/10.3390/curroncol28010073,Normal Issue, Accepted,2021-01-27
Curr. Oncol.,2021,28,1,https://doi.org/10.3390/curroncol28010073,Normal Issue, Published,2021-01-31
Curr. Oncol.,2021,28,1,https://doi.org/10.3390/curroncol28010074,Normal Issue,"
Received",2020-12-13
Curr. Oncol.,2021,28,1,https://doi.org/10.3390/curroncol28010074,Normal Issue, Revised,2021-01-15
Curr. Oncol.,2021,28,1,https://doi.org/10.3390/curroncol28010074,Normal Issue, Accepted,2021-01-21
Curr. Oncol.,2021,28,1,https://doi.org/10.3390/curroncol28010074,Normal Issue, Published,2021-02-01
Curr. Oncol.,2021,28,1,https://doi.org/10.3390/curroncol28010075,Normal Issue,"
Received",2020-07-27
Curr. Oncol.,2021,28,1,https://doi.org/10.3390/curroncol28010075,Normal Issue, Revised,2021-01-25
Curr. Oncol.,2021,28,1,https://doi.org/10.3390/curroncol28010075,Normal Issue, Accepted,2021-01-27
Curr. Oncol.,2021,28,1,https://doi.org/10.3390/curroncol28010075,Normal Issue, Published,2021-02-02
Curr. Oncol.,2021,28,1,https://doi.org/10.3390/curroncol28010076,Normal Issue,"
Received",2020-12-06
Curr. Oncol.,2021,28,1,https://doi.org/10.3390/curroncol28010076,Normal Issue, Revised,2020-12-29
Curr. Oncol.,2021,28,1,https://doi.org/10.3390/curroncol28010076,Normal Issue, Accepted,2021-01-07
Curr. Oncol.,2021,28,1,https://doi.org/10.3390/curroncol28010076,Normal Issue, Published,2021-02-03
Curr. Oncol.,2021,28,1,https://doi.org/10.3390/curroncol28010077,Normal Issue,"
Received",2020-11-04
Curr. Oncol.,2021,28,1,https://doi.org/10.3390/curroncol28010077,Normal Issue, Revised,2021-01-25
Curr. Oncol.,2021,28,1,https://doi.org/10.3390/curroncol28010077,Normal Issue, Accepted,2021-01-28
Curr. Oncol.,2021,28,1,https://doi.org/10.3390/curroncol28010077,Normal Issue, Published,2021-02-04
Curr. Oncol.,2021,28,1,https://doi.org/10.3390/curroncol28010078,Normal Issue,"
Received",2020-12-07
Curr. Oncol.,2021,28,1,https://doi.org/10.3390/curroncol28010078,Normal Issue, Revised,2021-01-10
Curr. Oncol.,2021,28,1,https://doi.org/10.3390/curroncol28010078,Normal Issue, Accepted,2021-02-03
Curr. Oncol.,2021,28,1,https://doi.org/10.3390/curroncol28010078,Normal Issue, Published,2021-02-05
Curr. Oncol.,2021,28,1,https://doi.org/10.3390/curroncol28010079,Normal Issue,"
Received",2020-12-17
Curr. Oncol.,2021,28,1,https://doi.org/10.3390/curroncol28010079,Normal Issue, Revised,2021-01-27
Curr. Oncol.,2021,28,1,https://doi.org/10.3390/curroncol28010079,Normal Issue, Accepted,2021-02-01
Curr. Oncol.,2021,28,1,https://doi.org/10.3390/curroncol28010079,Normal Issue, Published,2021-02-06
Curr. Oncol.,2021,28,1,https://doi.org/10.3390/curroncol28010080,Normal Issue,"
Received",2020-11-28
Curr. Oncol.,2021,28,1,https://doi.org/10.3390/curroncol28010080,Normal Issue, Revised,2021-01-29
Curr. Oncol.,2021,28,1,https://doi.org/10.3390/curroncol28010080,Normal Issue, Accepted,2021-02-03
Curr. Oncol.,2021,28,1,https://doi.org/10.3390/curroncol28010080,Normal Issue, Published,2021-02-07
Curr. Oncol.,2021,28,1,https://doi.org/10.3390/curroncol28010081,Normal Issue,"
Received",2020-12-09
Curr. Oncol.,2021,28,1,https://doi.org/10.3390/curroncol28010081,Normal Issue, Revised,2021-01-18
Curr. Oncol.,2021,28,1,https://doi.org/10.3390/curroncol28010081,Normal Issue, Accepted,2021-02-04
Curr. Oncol.,2021,28,1,https://doi.org/10.3390/curroncol28010081,Normal Issue, Published,2021-02-08
Curr. Oncol.,2021,28,1,https://doi.org/10.3390/curroncol28010082,Normal Issue,"
Received",2020-10-23
Curr. Oncol.,2021,28,1,https://doi.org/10.3390/curroncol28010082,Normal Issue, Revised,2021-01-31
Curr. Oncol.,2021,28,1,https://doi.org/10.3390/curroncol28010082,Normal Issue, Accepted,2021-02-03
Curr. Oncol.,2021,28,1,https://doi.org/10.3390/curroncol28010082,Normal Issue, Published,2021-02-08
Curr. Oncol.,2021,28,1,https://doi.org/10.3390/curroncol28010083,Normal Issue,"
Received",2020-11-13
Curr. Oncol.,2021,28,1,https://doi.org/10.3390/curroncol28010083,Normal Issue, Revised,2021-01-22
Curr. Oncol.,2021,28,1,https://doi.org/10.3390/curroncol28010083,Normal Issue, Accepted,2021-01-26
Curr. Oncol.,2021,28,1,https://doi.org/10.3390/curroncol28010083,Normal Issue, Published,2021-02-08
Curr. Oncol.,2021,28,1,https://doi.org/10.3390/curroncol28010084,Normal Issue,"
Received",2020-12-11
Curr. Oncol.,2021,28,1,https://doi.org/10.3390/curroncol28010084,Normal Issue, Revised,2021-01-22
Curr. Oncol.,2021,28,1,https://doi.org/10.3390/curroncol28010084,Normal Issue, Accepted,2021-02-03
Curr. Oncol.,2021,28,1,https://doi.org/10.3390/curroncol28010084,Normal Issue, Published,2021-02-10
Curr. Oncol.,2021,28,1,https://doi.org/10.3390/curroncol28010085,Normal Issue,"
Received",2020-11-18
Curr. Oncol.,2021,28,1,https://doi.org/10.3390/curroncol28010085,Normal Issue, Revised,2021-01-31
Curr. Oncol.,2021,28,1,https://doi.org/10.3390/curroncol28010085,Normal Issue, Accepted,2021-02-08
Curr. Oncol.,2021,28,1,https://doi.org/10.3390/curroncol28010085,Normal Issue, Published,2021-02-12
Curr. Oncol.,2021,28,1,https://doi.org/10.3390/curroncol28010086,Normal Issue,"
Received",2020-12-10
Curr. Oncol.,2021,28,1,https://doi.org/10.3390/curroncol28010086,Normal Issue, Revised,2021-02-04
Curr. Oncol.,2021,28,1,https://doi.org/10.3390/curroncol28010086,Normal Issue, Accepted,2021-02-05
Curr. Oncol.,2021,28,1,https://doi.org/10.3390/curroncol28010086,Normal Issue, Published,2021-02-12
Curr. Oncol.,2021,28,1,https://doi.org/10.3390/curroncol28010087,Normal Issue,"
Received",2020-11-27
Curr. Oncol.,2021,28,1,https://doi.org/10.3390/curroncol28010087,Normal Issue, Revised,2020-12-29
Curr. Oncol.,2021,28,1,https://doi.org/10.3390/curroncol28010087,Normal Issue, Accepted,2021-01-31
Curr. Oncol.,2021,28,1,https://doi.org/10.3390/curroncol28010087,Normal Issue, Published,2021-02-14
Curr. Oncol.,2021,28,1,https://doi.org/10.3390/curroncol28010088,Normal Issue,"
Received",2021-01-14
Curr. Oncol.,2021,28,1,https://doi.org/10.3390/curroncol28010088,Normal Issue, Revised,2021-02-05
Curr. Oncol.,2021,28,1,https://doi.org/10.3390/curroncol28010088,Normal Issue, Accepted,2021-02-09
Curr. Oncol.,2021,28,1,https://doi.org/10.3390/curroncol28010088,Normal Issue, Published,2021-02-14
Curr. Oncol.,2021,28,1,https://doi.org/10.3390/curroncol28010089,Normal Issue,"
Received",2020-11-16
Curr. Oncol.,2021,28,1,https://doi.org/10.3390/curroncol28010089,Normal Issue, Revised,2021-01-19
Curr. Oncol.,2021,28,1,https://doi.org/10.3390/curroncol28010089,Normal Issue, Accepted,2021-02-02
Curr. Oncol.,2021,28,1,https://doi.org/10.3390/curroncol28010089,Normal Issue, Published,2021-02-14
Curr. Oncol.,2021,28,1,https://doi.org/10.3390/curroncol28010090,Normal Issue,"
Received",2021-01-12
Curr. Oncol.,2021,28,1,https://doi.org/10.3390/curroncol28010090,Normal Issue, Revised,2021-02-05
Curr. Oncol.,2021,28,1,https://doi.org/10.3390/curroncol28010090,Normal Issue, Accepted,2021-02-12
Curr. Oncol.,2021,28,1,https://doi.org/10.3390/curroncol28010090,Normal Issue, Published,2021-02-16
Curr. Oncol.,2021,28,1,https://doi.org/10.3390/curroncol28010091,Normal Issue,"
Received",2021-01-19
Curr. Oncol.,2021,28,1,https://doi.org/10.3390/curroncol28010091,Normal Issue, Revised,2021-02-07
Curr. Oncol.,2021,28,1,https://doi.org/10.3390/curroncol28010091,Normal Issue, Accepted,2021-02-12
Curr. Oncol.,2021,28,1,https://doi.org/10.3390/curroncol28010091,Normal Issue, Published,2021-02-17
Curr. Oncol.,2021,28,1,https://doi.org/10.3390/curroncol28010092,Normal Issue,"
Received",2020-11-06
Curr. Oncol.,2021,28,1,https://doi.org/10.3390/curroncol28010092,Normal Issue, Revised,2021-01-24
Curr. Oncol.,2021,28,1,https://doi.org/10.3390/curroncol28010092,Normal Issue, Accepted,2021-02-03
Curr. Oncol.,2021,28,1,https://doi.org/10.3390/curroncol28010092,Normal Issue, Published,2021-02-18
Curr. Oncol.,2021,28,1,https://doi.org/10.3390/curroncol28010093,Normal Issue,"
Received",2021-02-03
Curr. Oncol.,2021,28,1,https://doi.org/10.3390/curroncol28010093,Normal Issue, Revised,2021-02-10
Curr. Oncol.,2021,28,1,https://doi.org/10.3390/curroncol28010093,Normal Issue, Accepted,2021-02-14
Curr. Oncol.,2021,28,1,https://doi.org/10.3390/curroncol28010093,Normal Issue, Published,2021-02-19
Curr. Oncol.,2021,28,1,https://doi.org/10.3390/curroncol28010094,Normal Issue,"
Received",2021-01-07
Curr. Oncol.,2021,28,1,https://doi.org/10.3390/curroncol28010094,Normal Issue, Revised,2021-02-15
Curr. Oncol.,2021,28,1,https://doi.org/10.3390/curroncol28010094,Normal Issue, Accepted,2021-02-17
Curr. Oncol.,2021,28,1,https://doi.org/10.3390/curroncol28010094,Normal Issue, Published,2021-02-21
Curr. Oncol.,2021,28,1,https://doi.org/10.3390/curroncol28010095,Normal Issue,"
Received",2020-11-25
Curr. Oncol.,2021,28,1,https://doi.org/10.3390/curroncol28010095,Normal Issue, Revised,2021-02-02
Curr. Oncol.,2021,28,1,https://doi.org/10.3390/curroncol28010095,Normal Issue, Accepted,2021-02-12
Curr. Oncol.,2021,28,1,https://doi.org/10.3390/curroncol28010095,Normal Issue, Published,2021-02-21
Curr. Oncol.,2021,28,1,https://doi.org/10.3390/curroncol28010096,Normal Issue,"
Received",2020-11-27
Curr. Oncol.,2021,28,1,https://doi.org/10.3390/curroncol28010096,Normal Issue, Revised,2021-02-04
Curr. Oncol.,2021,28,1,https://doi.org/10.3390/curroncol28010096,Normal Issue, Accepted,2021-02-14
Curr. Oncol.,2021,28,1,https://doi.org/10.3390/curroncol28010096,Normal Issue, Published,2021-02-21
Curr. Oncol.,2021,28,1,https://doi.org/10.3390/curroncol28010097,Normal Issue,"
Received",2020-11-13
Curr. Oncol.,2021,28,1,https://doi.org/10.3390/curroncol28010097,Normal Issue, Revised,2021-02-03
Curr. Oncol.,2021,28,1,https://doi.org/10.3390/curroncol28010097,Normal Issue, Accepted,2021-02-05
Curr. Oncol.,2021,28,1,https://doi.org/10.3390/curroncol28010097,Normal Issue, Published,2021-02-22
Curr. Oncol.,2021,28,1,https://doi.org/10.3390/curroncol28010098,Normal Issue,"
Received",2020-11-18
Curr. Oncol.,2021,28,1,https://doi.org/10.3390/curroncol28010098,Normal Issue, Revised,2021-02-03
Curr. Oncol.,2021,28,1,https://doi.org/10.3390/curroncol28010098,Normal Issue, Accepted,2021-02-12
Curr. Oncol.,2021,28,1,https://doi.org/10.3390/curroncol28010098,Normal Issue, Published,2021-02-23
Curr. Oncol.,2021,28,2,https://doi.org/10.3390/curroncol28020099,Normal Issue,"
Received",2021-01-09
Curr. Oncol.,2021,28,2,https://doi.org/10.3390/curroncol28020099,Normal Issue, Revised,2021-02-16
Curr. Oncol.,2021,28,2,https://doi.org/10.3390/curroncol28020099,Normal Issue, Accepted,2021-02-24
Curr. Oncol.,2021,28,2,https://doi.org/10.3390/curroncol28020099,Normal Issue, Published,2021-02-25
Curr. Oncol.,2021,28,2,https://doi.org/10.3390/curroncol28020101,Normal Issue,"
Received",2020-12-29
Curr. Oncol.,2021,28,2,https://doi.org/10.3390/curroncol28020101,Normal Issue, Revised,2021-01-27
Curr. Oncol.,2021,28,2,https://doi.org/10.3390/curroncol28020101,Normal Issue, Accepted,2021-02-19
Curr. Oncol.,2021,28,2,https://doi.org/10.3390/curroncol28020101,Normal Issue, Published,2021-02-25
Curr. Oncol.,2021,28,2,https://doi.org/10.3390/curroncol28020102,Normal Issue,"
Received",2020-06-26
Curr. Oncol.,2021,28,2,https://doi.org/10.3390/curroncol28020102,Normal Issue, Revised,2020-06-26
Curr. Oncol.,2021,28,2,https://doi.org/10.3390/curroncol28020102,Normal Issue, Accepted,2020-11-06
Curr. Oncol.,2021,28,2,https://doi.org/10.3390/curroncol28020102,Normal Issue, Published,2021-02-26
Curr. Oncol.,2021,28,2,https://doi.org/10.3390/curroncol28020103,Normal Issue,"
Received",2020-12-18
Curr. Oncol.,2021,28,2,https://doi.org/10.3390/curroncol28020103,Normal Issue, Revised,2021-02-12
Curr. Oncol.,2021,28,2,https://doi.org/10.3390/curroncol28020103,Normal Issue, Accepted,2021-02-23
Curr. Oncol.,2021,28,2,https://doi.org/10.3390/curroncol28020103,Normal Issue, Published,2021-02-26
Curr. Oncol.,2021,28,2,https://doi.org/10.3390/curroncol28020104,Normal Issue,"
Received",2021-01-26
Curr. Oncol.,2021,28,2,https://doi.org/10.3390/curroncol28020104,Normal Issue, Revised,2021-02-14
Curr. Oncol.,2021,28,2,https://doi.org/10.3390/curroncol28020104,Normal Issue, Accepted,2021-02-19
Curr. Oncol.,2021,28,2,https://doi.org/10.3390/curroncol28020104,Normal Issue, Published,2021-02-26
Curr. Oncol.,2021,28,2,https://doi.org/10.3390/curroncol28020105,Normal Issue,"
Received",2021-01-03
Curr. Oncol.,2021,28,2,https://doi.org/10.3390/curroncol28020105,Normal Issue, Revised,2021-02-18
Curr. Oncol.,2021,28,2,https://doi.org/10.3390/curroncol28020105,Normal Issue, Accepted,2021-02-20
Curr. Oncol.,2021,28,2,https://doi.org/10.3390/curroncol28020105,Normal Issue, Published,2021-02-26
Curr. Oncol.,2021,28,2,https://doi.org/10.3390/curroncol28020106,Normal Issue,"
Received",2021-01-08
Curr. Oncol.,2021,28,2,https://doi.org/10.3390/curroncol28020106,Normal Issue, Revised,2021-02-21
Curr. Oncol.,2021,28,2,https://doi.org/10.3390/curroncol28020106,Normal Issue, Accepted,2021-02-22
Curr. Oncol.,2021,28,2,https://doi.org/10.3390/curroncol28020106,Normal Issue, Published,2021-02-27
Curr. Oncol.,2021,28,2,https://doi.org/10.3390/curroncol28020107,Normal Issue,"
Received",2020-11-16
Curr. Oncol.,2021,28,2,https://doi.org/10.3390/curroncol28020107,Normal Issue, Revised,2021-01-29
Curr. Oncol.,2021,28,2,https://doi.org/10.3390/curroncol28020107,Normal Issue, Accepted,2021-02-06
Curr. Oncol.,2021,28,2,https://doi.org/10.3390/curroncol28020107,Normal Issue, Published,2021-03-01
Curr. Oncol.,2021,28,2,https://doi.org/10.3390/curroncol28020108,Normal Issue,"
Received",2021-01-08
Curr. Oncol.,2021,28,2,https://doi.org/10.3390/curroncol28020108,Normal Issue, Revised,2021-02-22
Curr. Oncol.,2021,28,2,https://doi.org/10.3390/curroncol28020108,Normal Issue, Accepted,2021-02-27
Curr. Oncol.,2021,28,2,https://doi.org/10.3390/curroncol28020108,Normal Issue, Published,2021-03-02
Curr. Oncol.,2021,28,2,https://doi.org/10.3390/curroncol28020109,Normal Issue,"
Received",2020-12-09
Curr. Oncol.,2021,28,2,https://doi.org/10.3390/curroncol28020109,Normal Issue, Revised,2021-02-25
Curr. Oncol.,2021,28,2,https://doi.org/10.3390/curroncol28020109,Normal Issue, Accepted,2021-03-01
Curr. Oncol.,2021,28,2,https://doi.org/10.3390/curroncol28020109,Normal Issue, Published,2021-03-04
Curr. Oncol.,2021,28,2,https://doi.org/10.3390/curroncol28020110,Normal Issue,"
Received",2021-02-03
Curr. Oncol.,2021,28,2,https://doi.org/10.3390/curroncol28020110,Normal Issue, Revised,2021-02-27
Curr. Oncol.,2021,28,2,https://doi.org/10.3390/curroncol28020110,Normal Issue, Accepted,2021-03-04
Curr. Oncol.,2021,28,2,https://doi.org/10.3390/curroncol28020110,Normal Issue, Published,2021-03-07
Curr. Oncol.,2021,28,2,https://doi.org/10.3390/curroncol28020111,Normal Issue,"
Received",2020-11-05
Curr. Oncol.,2021,28,2,https://doi.org/10.3390/curroncol28020111,Normal Issue, Revised,2021-02-20
Curr. Oncol.,2021,28,2,https://doi.org/10.3390/curroncol28020111,Normal Issue, Accepted,2021-03-03
Curr. Oncol.,2021,28,2,https://doi.org/10.3390/curroncol28020111,Normal Issue, Published,2021-03-08
Curr. Oncol.,2021,28,2,https://doi.org/10.3390/curroncol28020112,Normal Issue,"
Received",2021-01-23
Curr. Oncol.,2021,28,2,https://doi.org/10.3390/curroncol28020112,Normal Issue, Revised,2021-02-26
Curr. Oncol.,2021,28,2,https://doi.org/10.3390/curroncol28020112,Normal Issue, Accepted,2021-03-05
Curr. Oncol.,2021,28,2,https://doi.org/10.3390/curroncol28020112,Normal Issue, Published,2021-03-08
Curr. Oncol.,2021,28,2,https://doi.org/10.3390/curroncol28020113,Normal Issue,"
Received",2020-03-28
Curr. Oncol.,2021,28,2,https://doi.org/10.3390/curroncol28020113,Normal Issue, Revised,2021-03-04
Curr. Oncol.,2021,28,2,https://doi.org/10.3390/curroncol28020113,Normal Issue, Accepted,2021-03-04
Curr. Oncol.,2021,28,2,https://doi.org/10.3390/curroncol28020113,Normal Issue, Published,2021-03-10
Curr. Oncol.,2021,28,2,https://doi.org/10.3390/curroncol28020114,Normal Issue,"
Received",2020-12-29
Curr. Oncol.,2021,28,2,https://doi.org/10.3390/curroncol28020114,Normal Issue, Revised,2021-02-28
Curr. Oncol.,2021,28,2,https://doi.org/10.3390/curroncol28020114,Normal Issue, Accepted,2021-03-06
Curr. Oncol.,2021,28,2,https://doi.org/10.3390/curroncol28020114,Normal Issue, Published,2021-03-12
Curr. Oncol.,2021,28,2,https://doi.org/10.3390/curroncol28020115,Normal Issue,"
Received",2021-02-07
Curr. Oncol.,2021,28,2,https://doi.org/10.3390/curroncol28020115,Normal Issue, Revised,2021-03-01
Curr. Oncol.,2021,28,2,https://doi.org/10.3390/curroncol28020115,Normal Issue, Accepted,2021-03-11
Curr. Oncol.,2021,28,2,https://doi.org/10.3390/curroncol28020115,Normal Issue, Published,2021-03-14
Curr. Oncol.,2021,28,2,https://doi.org/10.3390/curroncol28020116,"
(This article belongs to the Section Gastrointestinal Oncology)","
 Received",2021-01-27
Curr. Oncol.,2021,28,2,https://doi.org/10.3390/curroncol28020116,"
(This article belongs to the Section Gastrointestinal Oncology)", Revised,2021-02-28
Curr. Oncol.,2021,28,2,https://doi.org/10.3390/curroncol28020116,"
(This article belongs to the Section Gastrointestinal Oncology)", Accepted,2021-03-11
Curr. Oncol.,2021,28,2,https://doi.org/10.3390/curroncol28020116,"
(This article belongs to the Section Gastrointestinal Oncology)", Published,2021-03-15
Curr. Oncol.,2021,28,2,https://doi.org/10.3390/curroncol28020117,Normal Issue,"
Received",2020-10-15
Curr. Oncol.,2021,28,2,https://doi.org/10.3390/curroncol28020117,Normal Issue, Revised,2021-03-05
Curr. Oncol.,2021,28,2,https://doi.org/10.3390/curroncol28020117,Normal Issue, Accepted,2021-03-11
Curr. Oncol.,2021,28,2,https://doi.org/10.3390/curroncol28020117,Normal Issue, Published,2021-03-15
Curr. Oncol.,2021,28,2,https://doi.org/10.3390/curroncol28020118,"
(This article belongs to the Section Hematology)","
Received",2021-02-21
Curr. Oncol.,2021,28,2,https://doi.org/10.3390/curroncol28020118,"
(This article belongs to the Section Hematology)", Revised,2021-03-08
Curr. Oncol.,2021,28,2,https://doi.org/10.3390/curroncol28020118,"
(This article belongs to the Section Hematology)", Accepted,2021-03-12
Curr. Oncol.,2021,28,2,https://doi.org/10.3390/curroncol28020118,"
(This article belongs to the Section Hematology)", Published,2021-03-16
Curr. Oncol.,2021,28,2,https://doi.org/10.3390/curroncol28020119,Normal Issue,"
Received",2021-01-14
Curr. Oncol.,2021,28,2,https://doi.org/10.3390/curroncol28020119,Normal Issue, Revised,2021-02-10
Curr. Oncol.,2021,28,2,https://doi.org/10.3390/curroncol28020119,Normal Issue, Accepted,2021-03-11
Curr. Oncol.,2021,28,2,https://doi.org/10.3390/curroncol28020119,Normal Issue, Published,2021-03-17
Curr. Oncol.,2021,28,2,https://doi.org/10.3390/curroncol28020120,"
(This article belongs to the Section Gastrointestinal Oncology)","
Received",2021-02-01
Curr. Oncol.,2021,28,2,https://doi.org/10.3390/curroncol28020120,"
(This article belongs to the Section Gastrointestinal Oncology)", Revised,2021-03-05
Curr. Oncol.,2021,28,2,https://doi.org/10.3390/curroncol28020120,"
(This article belongs to the Section Gastrointestinal Oncology)", Accepted,2021-03-12
Curr. Oncol.,2021,28,2,https://doi.org/10.3390/curroncol28020120,"
(This article belongs to the Section Gastrointestinal Oncology)", Published,2021-03-17
Curr. Oncol.,2021,28,2,https://doi.org/10.3390/curroncol28020121,Normal Issue,"
Received",2020-12-21
Curr. Oncol.,2021,28,2,https://doi.org/10.3390/curroncol28020121,Normal Issue, Revised,2021-02-07
Curr. Oncol.,2021,28,2,https://doi.org/10.3390/curroncol28020121,Normal Issue, Accepted,2021-02-19
Curr. Oncol.,2021,28,2,https://doi.org/10.3390/curroncol28020121,Normal Issue, Published,2021-03-20
Curr. Oncol.,2021,28,2,https://doi.org/10.3390/curroncol28020122,"
(This article belongs to the Section Neuro-Oncology)","
Received",2021-02-28
Curr. Oncol.,2021,28,2,https://doi.org/10.3390/curroncol28020122,"
(This article belongs to the Section Neuro-Oncology)", Accepted,2021-03-17
Curr. Oncol.,2021,28,2,https://doi.org/10.3390/curroncol28020122,"
(This article belongs to the Section Neuro-Oncology)", Published,2021-03-21
Curr. Oncol.,2021,28,2,https://doi.org/10.3390/curroncol28020123,"
(This article belongs to the Section Genitourinary Oncology)","
Received",2021-02-14
Curr. Oncol.,2021,28,2,https://doi.org/10.3390/curroncol28020123,"
(This article belongs to the Section Genitourinary Oncology)", Revised,2021-03-12
Curr. Oncol.,2021,28,2,https://doi.org/10.3390/curroncol28020123,"
(This article belongs to the Section Genitourinary Oncology)", Accepted,2021-03-19
Curr. Oncol.,2021,28,2,https://doi.org/10.3390/curroncol28020123,"
(This article belongs to the Section Genitourinary Oncology)", Published,2021-03-22
Curr. Oncol.,2021,28,2,https://doi.org/10.3390/curroncol28020124,Normal Issue,"
Received",2021-02-16
Curr. Oncol.,2021,28,2,https://doi.org/10.3390/curroncol28020124,Normal Issue, Revised,2021-03-16
Curr. Oncol.,2021,28,2,https://doi.org/10.3390/curroncol28020124,Normal Issue, Accepted,2021-03-18
Curr. Oncol.,2021,28,2,https://doi.org/10.3390/curroncol28020124,Normal Issue, Published,2021-03-22
Curr. Oncol.,2021,28,2,https://doi.org/10.3390/curroncol28020125,"
(This article belongs to the Section Gastrointestinal Oncology)","
Received",2021-02-09
Curr. Oncol.,2021,28,2,https://doi.org/10.3390/curroncol28020125,"
(This article belongs to the Section Gastrointestinal Oncology)", Revised,2021-03-10
Curr. Oncol.,2021,28,2,https://doi.org/10.3390/curroncol28020125,"
(This article belongs to the Section Gastrointestinal Oncology)", Accepted,2021-03-18
Curr. Oncol.,2021,28,2,https://doi.org/10.3390/curroncol28020125,"
(This article belongs to the Section Gastrointestinal Oncology)", Published,2021-03-22
Curr. Oncol.,2021,28,2,https://doi.org/10.3390/curroncol28020126,Normal Issue,"
Received",2021-01-13
Curr. Oncol.,2021,28,2,https://doi.org/10.3390/curroncol28020126,Normal Issue, Revised,2021-03-14
Curr. Oncol.,2021,28,2,https://doi.org/10.3390/curroncol28020126,Normal Issue, Accepted,2021-03-19
Curr. Oncol.,2021,28,2,https://doi.org/10.3390/curroncol28020126,Normal Issue, Published,2021-03-23
Curr. Oncol.,2021,28,2,https://doi.org/10.3390/curroncol28020127,Normal Issue,"
Received",2021-01-02
Curr. Oncol.,2021,28,2,https://doi.org/10.3390/curroncol28020127,Normal Issue, Revised,2021-03-09
Curr. Oncol.,2021,28,2,https://doi.org/10.3390/curroncol28020127,Normal Issue, Accepted,2021-03-17
Curr. Oncol.,2021,28,2,https://doi.org/10.3390/curroncol28020127,Normal Issue, Published,2021-03-24
Curr. Oncol.,2021,28,2,https://doi.org/10.3390/curroncol28020128,"
(This article belongs to the Section Gastrointestinal Oncology)","
Received",2021-01-27
Curr. Oncol.,2021,28,2,https://doi.org/10.3390/curroncol28020128,"
(This article belongs to the Section Gastrointestinal Oncology)", Revised,2021-03-12
Curr. Oncol.,2021,28,2,https://doi.org/10.3390/curroncol28020128,"
(This article belongs to the Section Gastrointestinal Oncology)", Accepted,2021-03-22
Curr. Oncol.,2021,28,2,https://doi.org/10.3390/curroncol28020128,"
(This article belongs to the Section Gastrointestinal Oncology)", Published,2021-03-27
Curr. Oncol.,2021,28,2,https://doi.org/10.3390/curroncol28020129,"
(This article belongs to the Section Thoracic Oncology)","
Received",2021-02-28
Curr. Oncol.,2021,28,2,https://doi.org/10.3390/curroncol28020129,"
(This article belongs to the Section Thoracic Oncology)", Revised,2021-03-20
Curr. Oncol.,2021,28,2,https://doi.org/10.3390/curroncol28020129,"
(This article belongs to the Section Thoracic Oncology)", Accepted,2021-03-23
Curr. Oncol.,2021,28,2,https://doi.org/10.3390/curroncol28020129,"
(This article belongs to the Section Thoracic Oncology)", Published,2021-03-29
Curr. Oncol.,2021,28,2,https://doi.org/10.3390/curroncol28020130,"
(This article belongs to the Section Surgical Oncology)","
Received",2021-02-09
Curr. Oncol.,2021,28,2,https://doi.org/10.3390/curroncol28020130,"
(This article belongs to the Section Surgical Oncology)", Revised,2021-03-17
Curr. Oncol.,2021,28,2,https://doi.org/10.3390/curroncol28020130,"
(This article belongs to the Section Surgical Oncology)", Accepted,2021-03-25
Curr. Oncol.,2021,28,2,https://doi.org/10.3390/curroncol28020130,"
(This article belongs to the Section Surgical Oncology)", Published,2021-03-29
Curr. Oncol.,2021,28,2,https://doi.org/10.3390/curroncol28020131,"
(This article belongs to the Section Hematology)","
Received",2021-02-09
Curr. Oncol.,2021,28,2,https://doi.org/10.3390/curroncol28020131,"
(This article belongs to the Section Hematology)", Revised,2021-03-18
Curr. Oncol.,2021,28,2,https://doi.org/10.3390/curroncol28020131,"
(This article belongs to the Section Hematology)", Accepted,2021-03-29
Curr. Oncol.,2021,28,2,https://doi.org/10.3390/curroncol28020131,"
(This article belongs to the Section Hematology)", Published,2021-03-30
